company,Item,price ,type
BBU,7294561190 SARA LEE BUTTER BREAD SANDWICH 1CT 20oz,,
BBU,7130904538 SUNBEAM WHITE BREAD SANDWICH 1CT 20oz,,
BBU,7130904547 SUNB4 WHITE BREAD SANDWICH 1CT 20oz,,
BBU,7294570544 SARA LEE SOFT & SMOOTH WHOLE GRAIN WHITE BREAD SANDWICH 1CT 20oz,,
BBU,7294561150 SARA LEE WHITE BREAD SANDWICH 1CT 20oz,,
Competitor,7225004919 NATURES OWN BUTTER BREAD LOAF 1CT 20oz,,
Competitor,7225001739 NATURES OWN WHITEWHEAT WHITE WHEAT BREAD LOAF 1CT 20oz,,
Competitor,7225001125 MERITA WHITE BREAD LOAF 1CT 20oz,,
Competitor,7763304547 SUNBEAM WHITE BREAD SANDWICH 1CT 20oz,,
Competitor,7225001137 WONDER CLASSIC WHITE BREAD LOAF 1CT 20oz,,
